product_id,productsize,price,qty,dateofsale,attributer,attributer2,state_sale,product_tier
2147483647,small,10935,22015591,2021-01-01,698496346,322074311,PA,gold
2147483647,xlarge,33075,52262636,2021-01-01,84417823,492682691,SD,gold
2147483647,large,77812,4317345,2021-01-01,208772477,323400361,WA,basic
2147483647,xxlarge,74861,62230316,2021-01-01,472778915,270736483,IN,basic
2147483647,xxlarge,47599,45118409,2021-01-01,523324259,281338080,PA,gold
2147483647,NULL,65072,48867668,2021-01-01,438664301,352061165,OH,basic
2147483647,xxxlarge,59197,12050854,2021-01-01,361767656,119464907,SD,basic
2147483647,xlarge,258,54906662,2021-01-01,55482967,15621216,FL,basic
2147483647,xlarge,4300,6953582,2021-01-01,326821672,684692789,FL,basic
2147483647,xxlarge,63735,69430894,2021-01-01,612707179,1329524,MA,silver
2147483647,small,11307,38182664,2021-01-01,393983746,128160292,WA,basic
2147483647,xxlarge,74615,53718116,2021-01-01,617647729,613782259,PA,basic
2147483647,large,39932,48837183,2021-01-01,88295557,451169369,SD,basic
2147483647,xxxlarge,47863,689793,2021-01-01,197170635,64804023,AZ,basic
2147483647,small,4999,8439276,2021-01-01,577296504,78026004,PA,silver
2147483647,NULL,28835,2996033,2021-01-01,54458982,116079440,MI,basic
2147483647,NULL,43091,15022491,2021-01-01,131504296,632375740,WA,basic
2147483647,medium,9962,36917988,2021-01-01,178157232,678328012,MA,basic
2147483647,xxxlarge,72094,32555988,2021-01-01,498013059,255555239,PA,basic
2147483647,NULL,26312,29630906,2021-01-01,469935124,236257745,IL,silver
2147483647,xxxlarge,28057,43098567,2021-01-01,158592712,483739713,IL,silver
2147483647,medium,67379,13959538,2021-01-01,376874150,273298379,FL,basic
2147483647,large,21932,33497712,2021-01-01,547436804,664177178,PA,basic
2147483647,medium,44925,64645904,2021-01-01,34400322,682886124,IN,basic
2147483647,large,63280,13027799,2021-01-01,198218194,112087969,SD,basic
2147483647,xxlarge,74324,39915059,2021-01-01,395383395,330204380,FL,basic
2147483647,xxxlarge,55427,24086000,2021-01-01,237032254,40773749,MI,basic
2147483647,large,74130,12529735,2021-01-01,43625586,96588847,WA,basic
2147483647,xlarge,46651,63437806,2021-01-01,376352707,435793995,FL,basic
2147483647,xxxlarge,56260,49201488,2021-01-01,372372283,647425771,OH,basic
2147483647,medium,47879,31832267,2021-01-01,381563668,690934166,FL,basic
2147483647,xxlarge,26873,35867626,2021-01-01,182560415,514367912,SD,basic
2147483647,large,50452,59279751,2021-01-01,312592601,457465103,IL,basic
2147483647,small,60111,12051514,2021-01-01,117569751,547913043,FL,silver
2147483647,small,58676,37242580,2021-01-01,560917264,605953172,PA,silver
2147483647,medium,54867,56595565,2021-01-01,340870612,687864738,WA,basic
2147483647,medium,35250,627162,2021-01-01,161727489,395414460,CA,basic
2147483647,xlarge,56447,29481459,2021-01-01,673452952,347753948,PA,basic
2147483647,xxxlarge,37486,37437259,2021-01-01,11121269,353204576,SD,basic
2147483647,medium,14297,27051509,2021-01-01,297510907,103787958,SD,basic
2147483647,xxxlarge,38972,52475961,2021-01-01,302789978,83030726,WA,basic
2147483647,small,10472,58435557,2021-01-01,681066130,662484531,MA,basic
2147483647,NULL,63230,1813524,2021-01-01,51591803,65303989,FL,basic
2147483647,NULL,48200,7656332,2021-01-01,534804051,258126539,IL,silver
2147483647,xlarge,56183,10451903,2021-01-01,316925868,482446169,OH,basic
2147483647,large,56067,33467610,2021-01-01,520561775,477234935,SD,basic
2147483647,NULL,41034,7671068,2021-01-01,679113360,364543536,WA,basic
2147483647,xxxlarge,54590,54693851,2021-01-01,244172678,608936225,NY,silver
2147483647,large,22442,57333052,2021-01-01,125729823,490737875,CA,basic
2147483647,xlarge,33303,35387278,2021-01-01,335756295,39260266,FL,basic
2147483647,xlarge,42457,27996438,2021-01-01,358032232,376482737,FL,basic
2147483647,NULL,25029,36706148,2021-01-01,691344651,7020743,MA,basic
2147483647,xxxlarge,12607,24555524,2021-01-01,693474653,336404653,IN,basic
2147483647,xxlarge,19247,63004463,2021-01-01,527669412,452581849,CA,basic
2147483647,large,37160,21434970,2021-01-01,160513141,472778928,SD,gold
2147483647,medium,67582,10181283,2021-01-01,617097037,229305197,MA,basic
2147483647,large,71802,9910730,2021-01-01,571498807,518299339,IN,basic
2147483647,medium,63975,1163585,2021-01-01,320557860,302843916,CA,basic
2147483647,xxxlarge,25987,17415776,2021-01-01,14189835,209297783,IN,basic
2147483647,medium,48383,25275314,2021-01-01,80127050,453739430,WA,basic
2147483647,medium,5529,2403491,2021-01-01,258575268,587421519,FL,basic
2147483647,xlarge,29270,68578356,2021-01-01,90101445,372506318,IL,silver
2147483647,xxlarge,1784,33998164,2021-01-01,314143432,460875126,IL,basic
2147483647,large,43151,50712682,2021-01-01,118135490,629126078,MI,basic
2147483647,xxxlarge,56172,57056396,2021-01-01,522364102,531667912,PA,basic
2147483647,large,5709,13666974,2021-01-01,177307082,435225481,FL,basic
2147483647,xxxlarge,21251,57821119,2021-01-01,250887480,82640896,OH,basic
2147483647,large,73148,30317762,2021-01-01,355322003,224364764,CA,basic
2147483647,xlarge,19476,569518,2021-01-01,27543984,473274708,OH,basic
2147483647,xxlarge,65677,17888625,2021-01-01,425603579,153141847,WA,basic
2147483647,large,19059,54371058,2021-01-01,206669180,567148531,PA,basic
2147483647,xxlarge,11181,62183638,2021-01-01,179429531,311562960,OH,gold
2147483647,xxlarge,49343,41042644,2021-01-01,295517158,439475656,NY,basic
2147483647,small,25753,13554290,2021-01-01,371270974,66038677,PA,basic
2147483647,NULL,76984,65560130,2021-01-01,148863138,681980700,CA,silver
2147483647,xlarge,49439,61970269,2021-01-01,217241872,313855482,NY,basic
2147483647,small,57135,46057452,2021-01-01,459271354,612211186,WA,gold
2147483647,medium,47893,67726682,2021-01-01,646125880,452472867,MA,basic
2147483647,xxxlarge,43417,40872691,2021-01-01,395148971,551451118,SD,basic
2147483647,NULL,4133,29102988,2021-01-01,414511397,367162412,OH,gold
2091830613,large,37302,49279480,2021-01-01,469044843,234753136,WA,basic
2147483647,NULL,8572,66941309,2021-01-01,107980713,164167255,NY,gold
2147483647,small,2061,3724963,2021-01-01,673596141,6567410,PA,basic
2147483647,medium,26405,60044810,2021-01-01,134341519,361425383,PA,basic
2147483647,xxxlarge,68297,67296968,2021-01-01,94216845,282179891,PA,basic
2147483647,xlarge,14126,323518,2021-01-01,232117884,568181114,CA,basic
2147483647,NULL,53030,52230530,2021-01-01,52062442,188710244,AZ,gold
2147483647,xxlarge,18166,25227499,2021-01-01,281638458,107402273,FL,basic
2147483647,medium,307,13555014,2021-01-01,221777494,555736789,PA,basic
2147483647,xxlarge,8826,64583643,2021-01-01,498097893,649304116,OH,basic
2147483647,xxlarge,78635,34004137,2021-01-01,490356317,398751155,OH,gold
2147483647,NULL,59423,37241193,2021-01-01,97684729,31784661,FL,silver
2147483647,medium,71658,9421379,2021-01-01,452257707,260959080,CA,basic
2147483647,medium,5778,67859196,2021-01-01,691313426,502117346,OH,gold
2147483647,xlarge,29245,45825424,2021-01-01,665816,602758613,FL,silver
2147483647,xlarge,76970,61103411,2021-01-01,311916532,486112876,OH,silver
2147483647,medium,4365,18207626,2021-01-01,653964912,482117557,FL,basic
2147483647,medium,64872,39216273,2021-01-01,465850232,534984347,MA,basic
2147483647,small,76926,7354941,2021-01-01,173892302,544551744,OH,basic
2147483647,xxxlarge,57250,12679797,2021-01-01,575899766,548970353,WA,basic
2147483647,large,58660,9925710,2021-01-01,567427708,546437298,IN,silver
2147483647,xxlarge,63265,5674589,2021-01-01,433151991,274717141,OH,gold
2147483647,xlarge,15223,12797119,2021-01-01,129790492,354073878,FL,basic
2147483647,xlarge,49783,7053273,2021-01-01,578861359,153611769,OH,silver
2147483647,NULL,12807,34965707,2021-01-01,635897904,341331459,OH,silver
2147483647,NULL,20640,20669003,2021-01-01,46083406,389192430,OH,silver
2147483647,xxxlarge,17312,33221160,2021-01-01,404841596,599371526,PA,silver
2147483647,large,70448,14243388,2021-01-01,520891126,272065167,AZ,gold
2147483647,medium,2177,58256121,2021-01-01,389940176,600271181,WA,basic
2147483647,xxlarge,26680,69727876,2021-01-01,368406754,298648703,IN,basic
2147483647,large,20425,57422324,2021-01-01,290233775,243084953,NY,basic
2147483647,medium,73584,609658,2021-01-01,605805502,347447053,AZ,basic
2147483647,xlarge,13240,31990993,2021-01-01,123066271,645246728,FL,silver
2147483647,xxxlarge,26942,7390124,2021-01-01,46415350,393811993,MA,basic
2147483647,xxlarge,655,38911770,2021-01-01,183619488,298512573,OH,basic
2147483647,small,68586,24500925,2021-01-01,524945603,222544548,OH,basic
2147483647,xxlarge,7989,54803094,2021-01-01,187546184,302966624,WA,basic
2147483647,large,67808,17649436,2021-01-01,63280536,416960066,NY,basic
2147483647,xlarge,13562,64687848,2021-01-01,415535350,97121015,MI,basic
2147483647,xlarge,61580,46209413,2021-01-01,584258348,249720783,NY,basic
2147483647,small,40489,65267503,2021-01-01,553418655,67909543,PA,basic
2147483647,small,14355,4811446,2021-01-01,663624458,533283020,SD,basic
2147483647,xxlarge,2884,35895387,2021-01-01,391622288,114147715,IL,basic
2147483647,large,44254,12248548,2021-01-01,560296995,583758010,IL,basic
2147483647,medium,67845,47670561,2021-01-01,592567513,273047802,WA,basic
2147483647,xxxlarge,27668,46992443,2021-01-01,497914672,128597507,IN,basic
2147483647,large,22936,58917557,2021-01-01,687340156,268538801,MA,gold
2147483647,medium,6826,67491141,2021-01-01,663831797,391988498,MA,silver
2147483647,large,43783,56262179,2021-01-01,614664925,29563124,PA,basic
2147483647,xxlarge,17904,4523932,2021-01-01,6996861,434028423,PA,basic
2147483647,NULL,74525,37185105,2021-01-01,666747355,138059667,FL,basic
2147483647,xxxlarge,42909,1291128,2021-01-01,631987682,443301855,WA,basic
2147483647,large,12832,41500569,2021-01-01,459034313,507182791,MA,basic
2147483647,small,6568,63347853,2021-01-01,376519886,694263769,SD,silver
2147483647,small,18980,46801461,2021-01-01,313876307,642879311,IN,basic
2147483647,xlarge,64959,68402679,2021-01-01,174888745,18320783,PA,silver
2147483647,large,13044,10105944,2021-01-01,696056400,523161812,MA,basic
2147483647,xlarge,65470,42697469,2021-01-01,584314596,11632108,MI,silver
2147483647,large,39213,63588539,2021-01-01,382469401,573055199,IN,basic
2147483647,medium,50465,24304754,2021-01-01,23218623,468918895,MA,basic
2147483647,large,15351,55318672,2021-01-01,172960870,456365646,SD,basic
2147483647,medium,3898,64984280,2021-01-01,696315243,539855077,NY,silver
2147483647,small,65553,21284470,2021-01-01,340044968,423300235,PA,silver
2147483647,NULL,22343,15041560,2021-01-01,373984215,553193448,MA,basic
2147483647,NULL,33269,5587678,2021-01-01,256293007,148246156,MI,basic
2147483647,xxxlarge,12320,40875517,2021-01-01,520646476,126381171,OH,basic
2147483647,xxxlarge,13000,27156246,2021-01-01,550850874,456366133,SD,basic
2147483647,xxxlarge,42201,11426826,2021-01-01,107169796,363003965,FL,basic
2147483647,medium,65181,4728819,2021-01-01,583695285,343814022,WA,gold
2147483647,small,29332,62244192,2021-01-01,506462036,645906738,FL,silver
2147483647,medium,75510,9501758,2021-01-01,634405164,533595094,NY,basic
2147483647,xxxlarge,39720,47869570,2021-01-01,43370628,489697074,CA,silver
2147483647,medium,36286,11422884,2021-01-01,207300077,121126248,CA,basic
2147483647,large,51050,29840712,2021-01-01,496619038,273633579,IL,basic
2147483647,large,59192,48130890,2021-01-01,77129027,370041702,MA,basic
2147483647,large,26161,48560033,2021-01-01,152407297,54865986,MI,silver
2147483647,xlarge,6017,2107134,2021-01-01,351778528,151255934,SD,basic
2147483647,medium,46868,49097385,2021-01-01,556857143,353849960,CA,basic
2147483647,NULL,52013,16250451,2021-01-01,500074213,239681170,MA,basic
2014288487,xlarge,60325,38116641,2021-01-01,237243614,65974387,FL,silver
2147483647,xlarge,60781,66818323,2021-01-01,104752376,85368244,IN,gold
2147483647,large,36338,29933295,2021-01-01,470447004,559158536,NY,basic
2147483647,medium,21761,61000457,2021-01-01,218100438,301623240,FL,silver
2147483647,small,29311,63147507,2021-01-01,539536184,205801617,MI,silver
2147483647,small,14445,66820090,2021-01-01,316401360,86099683,FL,basic
2147483647,large,14687,24161524,2021-01-01,593325918,401136946,PA,basic
2147483647,xxlarge,2512,44068425,2021-01-01,686494187,617598475,FL,silver
2147483647,NULL,45550,25923013,2021-01-01,216034093,494095889,PA,basic
2147483647,NULL,63476,30712253,2021-01-01,316948108,421229598,SD,basic
2147483647,large,4152,7240122,2021-01-01,447845558,560104265,PA,silver
2147483647,large,19449,33419930,2021-01-01,287433956,376409556,PA,basic
2147483647,xlarge,10632,63393945,2021-01-01,675716559,161877904,MI,silver
2147483647,medium,5294,7871603,2021-01-01,556188114,43749012,PA,basic
2147483647,xxlarge,17291,25275611,2021-01-01,130795319,222058337,CA,gold
2147483647,large,77747,15403775,2021-01-01,111160047,153103025,SD,silver
2147483647,medium,46219,47634117,2021-01-01,674625750,89615683,IN,basic
2147483647,xxlarge,58743,63173301,2021-01-01,33423531,3893517,WA,basic
2147483647,xxlarge,13916,18875116,2021-01-01,514014788,698195251,FL,basic
2147483647,xxxlarge,76217,38514227,2021-01-01,378709502,219046718,MA,basic
2147483647,medium,3223,26812788,2021-01-01,329479349,40584109,MA,basic
2147483647,xxlarge,43705,7866129,2021-01-01,4799971,228662272,NY,basic
2147483647,xlarge,72277,6205692,2021-01-01,225635911,209028068,IL,basic
2147483647,medium,32730,27838722,2021-01-01,567794466,336184916,FL,basic
2147483647,small,30757,22859846,2021-01-01,683552544,539365514,FL,basic
2147483647,xlarge,23286,56606704,2021-01-01,568302684,279510198,MA,basic
2147483647,xxlarge,12745,56722738,2021-01-01,641455472,289062956,MA,basic
2147483647,medium,79163,50316648,2021-01-01,5056337,506476655,WA,basic
2147483647,xxxlarge,7201,43893252,2021-01-01,320486593,5748326,SD,silver
2147483647,small,68210,54343896,2021-01-01,304775572,117393415,SD,basic
2147483647,xxlarge,56506,32636232,2021-01-01,664111756,228782207,AZ,basic
2147483647,medium,851,15599382,2021-01-01,422442436,452737148,OH,basic
2147483647,medium,60791,36890288,2021-01-01,357819199,33993234,WA,silver
2147483647,medium,14627,21618552,2021-01-01,301400199,111373011,PA,basic
2147483647,medium,9545,1214713,2021-01-01,174589214,630271164,OH,gold
2147483647,xlarge,26451,42721597,2021-01-01,674208412,18601501,SD,basic
2147483647,xxlarge,7117,8877653,2021-01-01,162790830,247554571,NY,basic
2147483647,medium,8589,35234835,2021-01-01,663888949,351679142,MA,gold
2147483647,small,31123,44340137,2021-01-01,60132197,160478672,NY,basic
2147483647,xlarge,59312,27015933,2021-01-01,219541570,5410809,AZ,basic
2147483647,NULL,22536,66958888,2021-01-01,305771574,680462199,WA,basic
2147483647,large,14403,62223069,2021-01-01,393321457,600187917,FL,gold
2147483647,large,9758,17144228,2021-01-01,143889459,249292934,IL,basic
2147483647,xxxlarge,8956,62335592,2021-01-01,507611533,395394471,AZ,silver
2147483647,xlarge,41150,3394790,2021-01-01,411530654,430160067,CA,basic
2147483647,medium,16574,59208400,2021-01-01,188133821,597225018,NY,basic
2147483647,small,34537,14050280,2021-01-01,118254140,200808187,MI,basic
2147483647,small,58306,37321529,2021-01-01,488240390,696298365,FL,silver
2147483647,xxlarge,4180,37763069,2021-01-01,66271716,248280229,MI,basic
2147483647,xxxlarge,19151,9642083,2021-01-01,547745469,671458726,FL,basic
2147483647,xxlarge,65677,1767313,2021-01-01,413024482,225587045,NY,basic
2147483647,large,11237,962214,2021-01-01,525485611,286207123,IL,basic
2147483647,xxlarge,79988,64978121,2021-01-01,532455187,640319823,CA,basic
2147483647,medium,57764,2177753,2021-01-01,55193715,147522512,NY,gold
2147483647,large,31517,42387893,2021-01-01,118421782,265131618,WA,basic
2147483647,xxlarge,41264,64228328,2021-01-01,329906877,639299073,OH,silver
2147483647,xlarge,15911,50364211,2021-01-01,7251832,411390528,CA,silver
2147483647,xlarge,62721,19664525,2021-01-01,427198644,29770345,FL,basic
2147483647,xxxlarge,37133,58062613,2021-01-01,133962687,645097208,WA,silver
2147483647,xlarge,54611,65362991,2021-01-01,315016709,247184153,FL,basic
2147483647,small,62178,36743206,2021-01-01,236323126,698360833,SD,basic
2147483647,large,31934,335043,2021-01-01,106751875,497569450,PA,basic
2147483647,medium,62182,8862522,2021-01-01,407583983,650581318,MA,basic
2147483647,NULL,14866,48697962,2021-01-01,686122557,235940046,CA,basic
2147483647,NULL,8887,48688282,2021-01-01,228129763,123381261,NY,basic
2147483647,NULL,13116,52246734,2021-01-01,475641833,89160903,IN,silver
2147483647,large,23167,20835203,2021-01-01,146518026,310098487,CA,basic
2147483647,xxxlarge,7632,30236891,2021-01-01,618210855,168350373,IL,basic
2147483647,xlarge,49081,13982347,2021-01-01,604076191,44129265,NY,basic
2147483647,xlarge,38977,38852785,2021-01-01,255025651,360600560,IN,basic
2147483647,large,15235,38424034,2021-01-01,234181968,474603616,WA,basic
2147483647,xxxlarge,11678,28556992,2021-01-01,51273563,499855825,IL,basic
2147483647,xxlarge,5963,10304640,2021-01-01,447866003,695289501,IL,basic
2147483647,large,62353,13449948,2021-01-01,503393395,643036649,WA,silver
2147483647,medium,27018,39412205,2021-01-01,634019117,156077997,IN,basic
2147483647,small,17970,60391462,2021-01-01,553902926,74564678,PA,basic
2147483647,xxxlarge,19096,34153974,2021-01-01,11666529,147724306,AZ,basic
2147483647,xxxlarge,66311,50355613,2021-01-01,45179231,370593843,NY,basic
2147483647,xlarge,71557,66729305,2021-01-01,556203312,34365500,IL,gold
2147483647,medium,8361,10860882,2021-01-01,65649156,321916304,OH,gold
2147483647,xlarge,21956,25769581,2021-01-01,253881403,297506490,NY,gold
2147483647,medium,16143,39932908,2021-01-01,338786690,533157326,AZ,gold
2147483647,xxlarge,70756,18942551,2021-01-01,231345530,500931590,OH,silver
2147483647,medium,39158,27475216,2021-01-01,580065052,256863129,OH,basic
2147483647,xlarge,62548,54046151,2021-01-01,645345575,613846472,MI,basic
2147483647,medium,27360,58909084,2021-01-01,49660891,471839734,IL,basic
2147483647,medium,8592,42084732,2021-01-01,311387344,116259502,SD,gold
2147483647,large,3335,41237770,2021-01-01,157405988,39092383,FL,basic
2147483647,NULL,16979,49255102,2021-01-01,270580720,521264966,NY,silver
2147483647,medium,43556,34021315,2021-01-01,567643074,244181912,MA,basic
2147483647,xxlarge,49288,27401144,2021-01-01,352190314,620278774,IN,gold
2147483647,xxlarge,71309,23397050,2021-01-01,376330152,280107248,IN,basic
2147483647,xxlarge,69320,34539881,2021-01-01,423662832,696825249,FL,basic
2147483647,xxxlarge,18114,10142352,2021-01-01,412977547,679670321,MA,basic
2147483647,xxlarge,69679,32661724,2021-01-01,61081456,197839286,MI,basic
2147483647,large,48108,36738292,2021-01-01,553483448,589066066,NY,basic
2147483647,small,38555,50997264,2021-01-01,3635595,502858968,MI,silver
2147483647,xxlarge,29070,46998907,2021-01-01,157342749,519837931,WA,silver
2147483647,xxlarge,9180,11602331,2021-01-01,311669969,511372527,MA,basic
2147483647,xxxlarge,34252,68238761,2021-01-01,434120346,677344763,CA,silver
2147483647,xxlarge,41475,7233256,2021-01-01,648100958,516057061,CA,basic
2147483647,xxxlarge,54795,36583014,2021-01-01,360224261,589017137,PA,silver
2147483647,large,15513,37013942,2021-01-01,570673051,153451915,AZ,basic
2147483647,small,62291,15723477,2021-01-01,476105745,662212965,IL,basic
2147483647,NULL,66327,62831444,2021-01-01,663281733,496211415,NY,basic
2147483647,xxlarge,22786,57168489,2021-01-01,532537323,601756711,MI,basic
2147483647,xlarge,25004,65416766,2021-01-01,149199066,657598808,CA,basic
2147483647,xxlarge,79753,33391999,2021-01-01,617681276,671544872,NY,basic
2147483647,xlarge,58234,40479984,2021-01-01,100171011,355182,PA,basic
2147483647,xxxlarge,69645,25049120,2021-01-01,71766189,590758898,MA,gold
2147483647,xlarge,30490,32184693,2021-01-01,73048310,147279144,IN,basic
2147483647,xxlarge,21336,26527630,2021-01-01,113703439,354241403,SD,basic
2147483647,medium,79982,11133009,2021-01-01,119825837,439965494,NY,basic
2147483647,xxxlarge,45468,51344605,2021-01-01,438970916,141314327,PA,basic
2147483647,xxxlarge,69565,43228661,2021-01-01,469429551,622605256,AZ,basic
2147483647,large,65042,21497852,2021-01-01,657799420,569388856,NY,basic
2147483647,xxlarge,2407,28987693,2021-01-01,483320529,654933643,IN,gold
2147483647,xxlarge,43623,57092839,2021-01-01,652201427,367098647,NY,basic
2147483647,large,57704,45770493,2021-01-01,353764492,317134232,MA,basic
2147483647,NULL,42130,259078,2021-01-01,269805700,334819800,OH,gold
2147483647,xxlarge,33364,29721468,2021-01-01,61852024,598269785,NY,basic
2147483647,medium,24139,40091913,2021-01-01,89725197,125937986,PA,basic
2147483647,xxlarge,33465,43512598,2021-01-01,3437432,104457962,IN,silver
2147483647,xxlarge,39414,42970276,2021-01-01,424217612,108658999,SD,basic
2147483647,small,72274,4915762,2021-01-01,64352549,342954706,CA,basic
2147483647,small,60021,39311764,2021-01-01,453971977,435725621,CA,basic
2147483647,small,33171,13903429,2021-01-01,181992494,198914003,IN,basic
2147483647,xxlarge,63077,8715108,2021-01-01,463033603,561886097,OH,basic
2147483647,xxxlarge,28556,13110353,2021-01-01,13586797,403377493,FL,basic
2147483647,large,68102,49106730,2021-01-01,183563261,549944719,MA,basic
2147483647,xxlarge,55925,2588677,2021-01-01,349965887,685346164,WA,basic
2147483647,xxlarge,64932,62512514,2021-01-01,403225437,566497469,NY,silver
2147483647,large,19756,42996790,2021-01-01,669490270,410193036,OH,gold
2147483647,xlarge,12438,11417283,2021-01-01,48647718,76802557,MA,basic
2147483647,xxlarge,64137,30615830,2021-01-01,518483995,632761744,SD,silver
2147483647,xlarge,65475,52777086,2021-01-01,243147552,573846943,IL,silver
2147483647,xxlarge,49912,12934262,2021-01-01,304922779,341531561,AZ,basic
2147483647,xlarge,54841,51792151,2021-01-01,336336013,223651963,NY,silver
2147483647,xxxlarge,58992,2326402,2021-01-01,603384165,142901716,PA,basic
2147483647,xxlarge,33536,26300300,2021-01-01,91360106,20358978,MI,basic
2147483647,xxxlarge,79073,38262668,2021-01-01,325434040,329337096,NY,basic
2147483647,xxlarge,37345,57662233,2021-01-01,102757302,585624632,OH,basic
2147483647,medium,47828,24505672,2021-01-01,191503933,389449838,PA,gold
2147483647,medium,58320,19896935,2021-01-01,370651300,136822587,OH,basic
2147483647,large,20212,34599366,2021-01-01,359596289,655591271,MA,silver
2147483647,NULL,77531,35197270,2021-01-01,305504005,74274775,NY,basic
2147483647,NULL,61534,58027360,2021-01-01,459477936,346856330,CA,gold
2147483647,xlarge,66518,5340658,2021-01-01,355715793,622306789,NY,basic
2147483647,medium,26138,30307263,2021-01-01,52306802,102974932,WA,basic
2147483647,xxlarge,59225,28689483,2021-01-01,282890241,171659049,WA,basic
2147483647,xxlarge,47861,15476513,2021-01-01,595453235,696500512,PA,basic
2147483647,NULL,13164,11120852,2021-01-01,196423686,687758365,OH,basic
2147483647,NULL,26111,42189118,2021-01-01,269224650,595999217,IN,basic
2147483647,xxlarge,31322,7088624,2021-01-01,508736855,462874751,IN,basic
2147483647,xlarge,8354,48315922,2021-01-01,191956954,223393477,OH,basic
2147483647,xxxlarge,5825,15029924,2021-01-01,382444664,223451395,SD,silver
2147483647,xxxlarge,78181,44316240,2021-01-01,294646041,497031695,MA,basic
2147483647,xlarge,51308,13144506,2021-01-01,99841456,547534168,CA,basic
2147483647,medium,75794,31571168,2021-01-01,408422168,24055569,IL,basic
2147483647,xxlarge,25097,34522730,2021-01-01,259226430,129817182,SD,basic
2147483647,medium,34577,28229750,2021-01-01,217434399,124651492,OH,silver
2147483647,xlarge,23016,53669491,2021-01-01,214573104,117220028,IL,basic
2147483647,medium,11864,51886906,2021-01-01,357739076,338878901,IL,silver
2147483647,xlarge,79195,55108267,2021-01-01,320055060,152390419,WA,basic
2147483647,xlarge,33287,36335242,2021-01-01,36175462,671620218,OH,silver
2147483647,large,61798,69017411,2021-01-01,681615744,25191528,CA,basic
2147483647,xxxlarge,60892,59825475,2021-01-01,427801882,30628599,MA,basic
2147483647,large,53077,28052356,2021-01-01,346900938,303547071,IN,silver
2147483647,NULL,45832,65196447,2021-01-01,309465607,364615126,IN,gold
2147483647,medium,48616,52202764,2021-01-01,636635188,103734140,AZ,basic
2147483647,large,23941,57361939,2021-01-01,592676577,631968801,PA,basic
2147483647,medium,15565,64073154,2021-01-01,77322744,643697189,IL,basic
2147483647,large,34405,32765355,2021-01-01,486430726,396451770,PA,basic
2147483647,xxxlarge,67383,49247747,2021-01-01,625171874,671575645,IL,basic
2147483647,medium,68136,62757780,2021-01-01,88249657,535120693,CA,silver
2147483647,xxxlarge,45949,32877878,2021-01-01,629645951,675465788,IL,silver
2147483647,xxxlarge,13152,23382700,2021-01-01,187985581,568676211,MI,basic
2147483647,xxxlarge,2456,40894469,2021-01-01,30676237,177746109,IL,basic
2147483647,xlarge,33305,34056621,2021-01-01,640575629,633240754,NY,basic
2147483647,xxlarge,56546,10231713,2021-01-01,386469317,612224393,SD,basic
2147483647,xxlarge,56181,51797739,2021-01-01,352060960,677876708,CA,basic
2147483647,large,49491,58922210,2021-01-01,217243778,205777100,NY,silver
2147483647,large,79598,41800225,2021-01-01,633397017,539888902,AZ,silver
2147483647,xxxlarge,68082,28818659,2021-01-01,510305688,352222472,CA,basic
2147483647,medium,18557,10508860,2021-01-01,629207780,484764832,AZ,basic
2147483647,NULL,27251,51783070,2021-01-01,620894794,640752859,SD,gold
2147483647,large,7654,14997342,2021-01-01,520922518,681787404,FL,basic
2147483647,NULL,52328,41825271,2021-01-01,617431704,323790685,IL,basic
2147483647,xxxlarge,60144,59071019,2021-01-01,559661965,86226136,FL,basic
2147483647,xxlarge,47489,69128442,2021-01-01,497889414,163015037,SD,basic
2147483647,xlarge,51002,42520815,2021-01-01,106473736,81537075,WA,basic
2147483647,xlarge,34967,50407484,2021-01-01,266212961,51152147,IN,silver
2147483647,xlarge,73950,58483642,2021-01-01,165515218,637609972,MA,gold
2147483647,large,79455,35987632,2021-01-01,615557202,500448555,NY,basic
2147483647,xxlarge,35354,30167949,2021-01-01,215158986,166637188,FL,basic
2147483647,xlarge,20772,48849923,2021-01-01,478557208,819977,AZ,basic
2147483647,medium,4838,57359794,2021-01-01,513658133,112752806,MA,basic
2147483647,xxxlarge,76509,40356043,2021-01-01,184319629,383487300,IN,basic
2147483647,xxlarge,76115,6851501,2021-01-01,334531245,647430260,FL,basic
2147483647,medium,55087,24716891,2021-01-01,269428470,531055357,PA,gold
2147483647,xxlarge,79355,29749984,2021-01-01,551507428,186613009,OH,silver
2147483647,large,4505,4547813,2021-01-01,303391866,225432633,PA,basic
2147483647,large,19239,7993990,2021-01-01,73140239,214631108,PA,silver
2147483647,xlarge,70859,33719613,2021-01-01,661854536,348382677,IN,basic
2147483647,xlarge,16193,44663733,2021-01-01,39414264,37136793,SD,basic
2147483647,xxxlarge,9201,6300919,2021-01-01,127505647,413700759,FL,basic
2147483647,large,48912,14451636,2021-01-01,215777896,622388605,CA,basic
2147483647,large,32886,35987856,2021-01-01,131458184,157240355,NY,gold
2147483647,xlarge,64278,19028421,2021-01-01,483007792,472489114,IN,basic
2147483647,medium,46218,38828517,2021-01-01,171010118,394482656,WA,basic
2147483647,medium,19782,19734586,2021-01-01,622502330,158619266,IL,basic
2147483647,NULL,65918,1849904,2021-01-01,101246282,448259737,WA,basic
2147483647,xlarge,72553,57854563,2021-01-01,649147725,575167969,CA,basic
2147483647,medium,55684,15912516,2021-01-01,69657658,267358691,MA,basic
2147483647,xxlarge,19620,34622344,2021-01-01,398420323,468622729,OH,basic
2147483647,large,77831,20982596,2021-01-01,4148664,511276594,WA,basic
2147483647,small,1454,52299160,2021-01-01,317382638,391617183,MA,basic
2147483647,small,611,34967232,2021-01-01,689642044,484353082,SD,basic
2147483647,NULL,22393,20999508,2021-01-01,321718036,501449251,CA,basic
2147483647,xxxlarge,9104,56277931,2021-01-01,638448539,579992090,CA,basic
2147483647,xxlarge,42291,32751300,2021-01-01,574863565,651403506,OH,silver
2147483647,small,24577,36004785,2021-01-01,294976901,319440114,NY,basic
2147483647,xxlarge,18815,51398264,2021-01-01,439531201,174371965,WA,silver
2147483647,medium,75411,17430246,2021-01-01,340529750,185262371,AZ,basic
2147483647,xlarge,53580,40486373,2021-01-01,38718751,373774899,SD,basic
2147483647,xxlarge,56862,43567933,2021-01-01,675988746,182270586,NY,gold
2147483647,xxxlarge,30585,15845139,2021-01-01,526270856,123912020,SD,basic
2147483647,medium,45129,8855348,2021-01-01,676616251,546265832,PA,basic
2147483647,xxxlarge,36696,22440943,2021-01-01,601663506,647444536,NY,basic
2147483647,large,28255,5947992,2021-01-01,98887355,187332530,NY,basic
2147483647,large,875,54228494,2021-01-01,439906404,217358155,MA,basic
2147483647,xxxlarge,26081,37286554,2021-01-01,330422663,37841056,IN,basic
2147483647,small,53117,62576585,2021-01-01,676635444,196314968,NY,basic
2147483647,xxxlarge,37249,52093801,2021-01-01,68935455,43073413,CA,basic
2147483647,medium,2007,46960848,2021-01-01,314983459,438530438,AZ,basic
2147483647,xxlarge,15879,50244916,2021-01-01,385705682,658077670,WA,basic
2147483647,xlarge,743,30656781,2021-01-01,4008805,50165184,NY,basic
2147483647,NULL,11675,39376085,2021-01-01,224174410,568471470,NY,basic
2147483647,NULL,55510,9790748,2021-01-01,86265703,383626354,MA,basic
2147483647,xxlarge,46799,48103621,2021-01-01,474581705,285314997,IL,gold
2147483647,xxlarge,73474,11882432,2021-01-01,204879975,370747263,IN,basic
2147483647,xlarge,78093,13473826,2021-01-01,105512062,310205816,IL,basic
2147483647,NULL,18633,14906210,2021-01-01,63560810,485704355,NY,basic
2147483647,xxxlarge,41612,15828489,2021-01-01,31935010,343222456,FL,basic
2147483647,NULL,75364,6555512,2021-01-01,279438676,149901802,PA,basic
2147483647,xxlarge,60480,9929458,2021-01-01,173801444,337786112,MA,basic
2147483647,xlarge,26248,46067507,2021-01-01,660070638,475102403,IN,basic
2147483647,xxlarge,30897,38107488,2021-01-01,545860668,434803688,OH,gold
2147483647,large,60205,55386855,2021-01-01,648034577,337101726,FL,gold
2147483647,xxlarge,79354,56393106,2021-01-01,452566035,531968484,IL,basic
2147483647,NULL,47096,32107292,2021-01-01,198768818,576015650,IL,basic
2147483647,xxxlarge,35868,53873088,2021-01-01,394050502,660957891,CA,basic
2147483647,xxlarge,25789,51000141,2021-01-01,509203579,470368687,IL,basic
2147483647,NULL,60628,46291977,2021-01-01,470631507,695069786,SD,basic
2147483647,xlarge,45009,5423774,2021-01-01,326607753,70840199,IL,basic
2147483647,xlarge,32588,55927668,2021-01-01,404719950,407688427,IL,silver
2147483647,xxxlarge,57860,67612477,2021-01-01,645343437,518163466,IL,basic
2147483647,NULL,60055,9032585,2021-01-01,512249076,576195775,NY,basic
2147483647,medium,63476,20291968,2021-01-01,103934022,35761366,OH,basic
2147483647,xxlarge,75884,34891575,2021-01-01,31212986,683457102,SD,basic
2147483647,large,18588,39643225,2021-01-01,596798076,167072344,PA,basic
2147483647,xxlarge,18261,40848831,2021-01-01,651924703,394227262,PA,gold
2147483647,medium,9501,51220983,2021-01-01,197262594,609671840,CA,silver
2147483647,large,2798,28406176,2021-01-01,87859142,375115636,MA,silver
2147483647,xxlarge,46165,21774941,2021-01-01,533452641,394900528,MI,silver
2147483647,large,4233,62500877,2021-01-01,250546163,170540200,PA,basic
2147483647,xxxlarge,52436,36566757,2021-01-01,324995771,281557747,NY,basic
2147483647,xlarge,71308,54733799,2021-01-01,551264988,199069510,MI,basic
2147483647,NULL,38486,63210098,2021-01-01,667313161,124652886,IN,basic
2147483647,NULL,5581,32768853,2021-01-01,505929732,608803048,PA,silver
2147483647,large,11583,63259683,2021-01-01,529515510,498397802,SD,basic
2147483647,xxxlarge,16992,34437467,2021-01-01,68206768,408615138,CA,basic
2147483647,xlarge,3935,67634810,2021-01-01,95494635,568982590,PA,basic
2147483647,xxlarge,32857,67246039,2021-01-01,104862913,77505805,IL,gold
2147483647,xxxlarge,30476,1595414,2021-01-01,181171685,676461858,MI,basic
2147483647,xxlarge,30176,36669834,2021-01-01,205471308,678727955,FL,basic
2147483647,small,18843,18271935,2021-01-01,386323753,552826631,CA,silver
2147483647,small,32159,26915135,2021-01-01,513387933,262868573,NY,silver
2147483647,small,25011,50727520,2021-01-01,302522672,355504514,SD,basic
2147483647,large,44423,45430047,2021-01-01,245469111,96517364,NY,basic
2147483647,NULL,6486,19969577,2021-01-01,466559131,43592419,SD,basic
2147483647,NULL,8767,24827701,2021-01-01,516618795,661109676,IL,silver
2147483647,large,8481,20577526,2021-01-01,482137133,223980982,WA,basic
2147483647,xlarge,55513,51468619,2021-01-01,306008698,178582974,OH,basic
2147483647,NULL,8150,5067240,2021-01-01,175788291,99712866,MA,basic
2147483647,large,64786,11616112,2021-01-01,526417735,115788980,NY,basic
2147483647,xxlarge,24645,65061039,2021-01-01,98486931,296057871,IL,basic
2147483647,xxlarge,60415,40786548,2021-01-01,678825839,427922838,OH,basic
2147483647,xxxlarge,62840,58462123,2021-01-01,20421732,645295589,FL,basic
566534690,small,57508,60637265,2021-01-01,113759435,23944163,CA,basic
2147483647,xxlarge,42785,34818119,2021-01-01,613446892,59070984,FL,basic
2147483647,xxxlarge,30589,16483059,2021-01-01,690717434,322329240,FL,basic
2147483647,xxlarge,79114,63101070,2021-01-01,491868161,177406222,SD,basic
2147483647,xlarge,8554,40484568,2021-01-01,257047704,371825811,FL,gold
2147483647,NULL,27160,46568122,2021-01-01,503445489,18740254,AZ,gold
2147483647,large,54690,22077259,2021-01-01,641788005,303296522,PA,silver
2147483647,xxxlarge,42625,1567191,2021-01-01,582781364,303288786,IL,basic
2147483647,large,47082,46607744,2021-01-01,193051914,145677234,MI,basic
2147483647,large,65090,45699415,2021-01-01,607250721,294844516,CA,basic
2147483647,large,32050,22681308,2021-01-01,659355980,183300327,WA,basic
2147483647,large,50094,58663386,2021-01-01,123490595,186347865,IN,basic
2147483647,large,20859,43667430,2021-01-01,640843462,373945083,IN,basic
2147483647,medium,6789,24914801,2021-01-01,354692490,240145407,OH,basic
2147483647,xlarge,49410,38145753,2021-01-01,45599263,676201789,IN,basic
2147483647,xxlarge,1127,24919742,2021-01-01,305516729,400674714,SD,basic
2147483647,small,55348,21482808,2021-01-01,377833504,375379865,SD,basic
2147483647,xxxlarge,15827,41452385,2021-01-01,512130355,373882784,SD,basic
2147483647,xlarge,52188,22593939,2021-01-01,567235401,315693847,PA,basic
2147483647,medium,63190,14432780,2021-01-01,444867179,571911020,IN,gold
2147483647,large,11203,51469080,2021-01-01,233702303,583624359,OH,basic
2147483647,large,37732,59696338,2021-01-01,79315710,198650649,MA,basic
2147483647,medium,77882,48087223,2021-01-01,177087802,56647120,MA,basic
2147483647,large,42091,40836156,2021-01-01,392689464,167651060,NY,basic
2147483647,xlarge,9178,22482869,2021-01-01,662446727,533240230,SD,basic
2147483647,large,61365,52576342,2021-01-01,679748975,248514841,IL,basic
2147483647,xlarge,36209,67711193,2021-01-01,674776441,608129166,NY,basic
2147483647,large,75931,66212099,2021-01-01,197239925,643229560,MI,basic
2147483647,medium,52645,18162740,2021-01-01,103013141,454769999,MI,basic
2147483647,small,20987,27404013,2021-01-01,325283146,546597605,PA,gold
2147483647,NULL,49553,28519000,2021-01-01,71020990,698540254,OH,basic
2147483647,NULL,17654,41007059,2021-01-01,297683589,492575246,OH,basic
2147483647,xxlarge,63965,32276195,2021-01-01,623251509,543955768,FL,basic
2147483647,xxxlarge,74429,33716736,2021-01-01,653926025,283913294,CA,basic
2147483647,medium,77890,17294196,2021-01-01,655811863,79054435,CA,basic
2147483647,xxlarge,35795,47218162,2021-01-01,660969906,172669136,PA,basic
2147483647,xxxlarge,16607,17729508,2021-01-01,579802628,29312287,WA,gold
2147483647,xlarge,9190,7449054,2021-01-01,58460825,584870590,PA,basic
2147483647,xlarge,38773,13829193,2021-01-01,360492952,624866295,IL,gold
2147483647,xlarge,12286,57050814,2021-01-01,580164727,531449735,PA,silver
2147483647,small,17589,60408567,2021-01-01,303962909,272746699,OH,basic
2147483647,xxxlarge,20326,17477103,2021-01-01,563998175,259751772,SD,basic
2147483647,xlarge,31747,17150828,2021-01-01,198831038,314018103,CA,basic
2147483647,NULL,7331,48556071,2021-01-01,400388906,641474891,IN,silver
2147483647,medium,36122,60195229,2021-01-01,271195548,576890073,PA,basic
2147483647,xxxlarge,17069,26562975,2021-01-01,354470884,232431341,WA,basic
2147483647,large,27684,21872615,2021-01-01,273632565,62047702,WA,basic
2147483647,medium,74864,35563342,2021-01-01,589280303,410430090,WA,basic
2147483647,NULL,36633,40489295,2021-01-01,517532387,71680716,IL,basic
2147483647,large,70439,38676059,2021-01-01,293213848,7532399,OH,basic
2147483647,medium,66367,42551728,2021-01-01,96268505,452478208,MI,silver
2147483647,medium,51593,58945463,2021-01-01,248301753,473522062,CA,basic
2147483647,medium,10798,65630397,2021-01-01,182984252,1010610,MA,basic
2147483647,xxxlarge,49187,23839457,2021-01-01,29167199,141033030,NY,gold
2147483647,large,19673,35032597,2021-01-01,554696004,209066936,WA,gold
2147483647,medium,16347,19757802,2021-01-01,645929798,221376150,IL,silver
2147483647,medium,46499,22392420,2021-01-01,10140613,178004543,WA,basic
2147483647,xxlarge,38408,18109082,2021-01-01,147841052,557487577,PA,basic
2147483647,xxxlarge,4675,10160431,2021-01-01,411381922,27581056,IL,basic
2147483647,medium,19524,20104013,2021-01-01,331367200,322820508,WA,basic
2147483647,xxlarge,21709,18591036,2021-01-01,88445892,397093492,FL,basic
2147483647,medium,58938,47359252,2021-01-01,596017054,140262338,NY,basic
2147483647,NULL,69468,9752672,2021-01-01,587159640,174156246,IN,basic
2147483647,large,14563,20567777,2021-01-01,299752285,364186489,IL,basic
2147483647,xxxlarge,68639,45250554,2021-01-01,451970005,11283508,FL,basic
2147483647,small,16460,33195848,2021-01-01,98322652,616161128,IL,basic
2147483647,xxxlarge,44908,54970619,2021-01-01,254534937,511708208,AZ,silver
2147483647,xxlarge,32615,63654543,2021-01-01,328990953,62468458,WA,basic
2147483647,xxlarge,25543,54375840,2021-01-01,401332685,216921958,SD,basic
2147483647,xxlarge,43036,56757613,2021-01-01,290037082,692162151,NY,basic
2147483647,xxlarge,14356,20962695,2021-01-01,426502273,326596435,OH,silver
2147483647,large,37176,32562418,2021-01-01,677641976,339132038,PA,basic
2147483647,medium,64407,44141676,2021-01-01,202624024,102145628,IN,basic
2147483647,xxxlarge,49351,26332993,2021-01-01,145654982,137309652,MA,basic
2147483647,xxlarge,8941,6237945,2021-01-01,400351755,112209861,MI,silver
2147483647,xxxlarge,10304,43139116,2021-01-01,661327583,393956142,IL,basic
2147483647,xlarge,20769,48986557,2021-01-01,176659360,257742744,IN,basic
2147483647,medium,44041,53901468,2021-01-01,698318287,565773894,IN,basic
2147483647,xxlarge,36226,29939144,2021-01-01,38151650,384305951,AZ,basic
2147483647,xxxlarge,65003,26572055,2021-01-01,606207000,396528874,OH,basic
2147483647,large,262,44391496,2021-01-01,513252887,454533148,WA,silver
2147483647,xxxlarge,76066,21109624,2021-01-01,78837626,471771219,OH,basic
2147483647,medium,1815,5093483,2021-01-01,585202744,50672633,IL,basic
2147483647,xxxlarge,50351,20054222,2021-01-01,358815075,90960348,OH,basic
776975357,large,12303,14671836,2021-01-01,180403973,674402754,FL,basic
2147483647,xxxlarge,50382,43855941,2021-01-01,598187678,154246629,PA,basic
2147483647,xxlarge,16003,44722916,2021-01-01,683930551,684948226,NY,silver
2147483647,xlarge,716,24743186,2021-01-01,546808446,640693227,IN,basic
2147483647,medium,52604,53655684,2021-01-01,139434125,24278480,AZ,basic
2147483647,xxlarge,3218,31502578,2021-01-01,484677127,270242162,MA,basic
2147483647,NULL,57612,31728086,2021-01-01,33494890,502950271,SD,basic
2147483647,NULL,37530,20330274,2021-01-01,334950283,308590794,PA,basic
2147483647,large,25751,22415129,2021-01-01,327221865,572942319,MI,silver
2147483647,xxxlarge,69492,24677795,2021-01-01,533961301,288323014,IL,basic
2147483647,xxxlarge,74738,45296639,2021-01-01,564949993,671397660,IL,basic
2147483647,NULL,39249,8228824,2021-01-01,141068823,438397724,MI,basic
2147483647,xxlarge,15529,51954507,2021-01-01,334858117,655009695,FL,basic
2147483647,medium,14187,62088047,2021-01-01,203082039,14306569,SD,basic
2147483647,xxxlarge,15698,3840322,2021-01-01,19615092,85239407,FL,silver
2147483647,xlarge,47091,63254180,2021-01-01,685795348,95882,IL,basic
2147483647,large,68341,38788915,2021-01-01,26165666,231436396,NY,basic
2147483647,xxlarge,17518,46337122,2021-01-01,378005102,504778280,OH,silver
2147483647,xxlarge,26203,3055866,2021-01-01,507494912,181623650,IL,basic
2147483647,medium,43580,58211755,2021-01-01,198991325,4760725,IN,basic
2147483647,xxxlarge,65544,63196603,2021-01-01,127360332,606067901,CA,basic
2147483647,medium,41339,58661930,2021-01-01,410667305,340312990,NY,basic
2147483647,xxlarge,37064,35270131,2021-01-01,471874634,313170128,CA,basic
2147483647,xxxlarge,9235,19085520,2021-01-01,622432371,274599775,IL,gold
2147483647,large,52601,58323441,2021-01-01,29154415,429892328,SD,basic
2147483647,medium,48382,19013385,2021-01-01,312112481,252239824,FL,basic
2147483647,large,56418,57897941,2021-01-01,483458720,11275347,OH,basic
2147483647,small,54153,33988128,2021-01-01,25010375,393917887,MA,basic
2147483647,NULL,7931,69806740,2021-01-01,487118873,634104357,IN,basic
2147483647,large,54141,9035506,2021-01-01,634003275,559498241,WA,gold
2147483647,xxlarge,27635,48247245,2021-01-01,147139228,585875368,MA,basic
2147483647,NULL,65165,26735218,2021-01-01,691048753,300861671,OH,gold
2147483647,xxlarge,29890,52221281,2021-01-01,298855750,260915994,CA,silver
2147483647,xxlarge,61821,14862259,2021-01-01,366538838,303871004,IL,silver
2147483647,small,35902,15266297,2021-01-01,257454747,478691628,OH,basic
2147483647,xxxlarge,63891,11396339,2021-01-01,180963016,645279630,IL,basic
2147483647,xxxlarge,56337,59860638,2021-01-01,227116500,413950861,NY,silver
2147483647,medium,36314,34795150,2021-01-01,46505844,425898380,MI,basic
2147483647,large,15162,39827560,2021-01-01,510454596,204713252,OH,basic
2147483647,large,15836,24988169,2021-01-01,499463882,190443397,NY,basic
2147483647,xxxlarge,12260,41489713,2021-01-01,29220923,554700637,OH,basic
2147483647,xxlarge,68870,16854389,2021-01-01,417292010,467181390,NY,basic
2147483647,xlarge,50492,22648104,2021-01-01,174164768,575064487,AZ,silver
2147483647,xxxlarge,76769,62302037,2021-01-01,615465561,289237275,MA,gold
2147483647,large,55593,34276341,2021-01-01,45562455,514319,NY,basic
2147483647,xxlarge,36226,69899322,2021-01-01,362777020,366362249,WA,basic
2147483647,large,63332,35728140,2021-01-01,579458029,667453545,OH,basic
2147483647,medium,43669,19951794,2021-01-01,37885091,454581193,IN,silver
2147483647,large,32989,44849205,2021-01-01,452543295,596995532,SD,gold
2147483647,large,66501,23813528,2021-01-01,378290585,181674936,MI,basic
2147483647,xlarge,65787,47957749,2021-01-01,216880095,362985771,IN,silver
2147483647,xxxlarge,50351,60227726,2021-01-01,383902150,303258862,FL,gold
2147483647,small,59163,64067888,2021-01-01,564027880,163187288,MI,basic
2147483647,large,68458,34891155,2021-01-01,662068636,40865810,IL,basic
2147483647,xlarge,67512,35720383,2021-01-01,365368875,14641339,WA,basic
2147483647,xxxlarge,9205,68598360,2021-01-01,224680482,197620184,WA,basic
2147483647,xlarge,75205,35154203,2021-01-01,77466414,333003857,NY,basic
2147483647,xlarge,17280,18728663,2021-01-01,255238475,672846896,OH,silver
2147483647,large,18125,24351495,2021-01-01,571726007,306099685,NY,basic
2147483647,NULL,31846,61334948,2021-01-01,32848194,552704370,IL,silver
2147483647,xlarge,67007,6221621,2021-01-01,472647853,312064786,MA,silver
2147483647,small,78528,44814001,2021-01-01,356424265,72823946,CA,basic
2147483647,xxxlarge,61914,32104645,2021-01-01,109133782,616410548,FL,basic
2147483647,NULL,61177,46943485,2021-01-01,585057060,183066277,FL,silver
2147483647,large,45936,8734318,2021-01-01,612279199,338258591,AZ,basic
2147483647,medium,4890,58651893,2021-01-01,446149504,641959039,PA,basic
2147483647,xxxlarge,27938,11651146,2021-01-01,234846610,35814866,MI,silver
2147483647,NULL,18626,42707774,2021-01-01,11738530,36771681,PA,silver
2147483647,xxlarge,62457,67072963,2021-01-01,43150553,116324967,NY,basic
2147483647,xlarge,22313,42680832,2021-01-01,670041610,692679525,NY,gold
2147483647,xxxlarge,10085,208909,2021-01-01,505653584,454017623,IL,basic
2147483647,xlarge,47512,224758,2021-01-01,117782203,21915550,MI,basic
2147483647,xxlarge,39451,780816,2021-01-01,34010512,489546356,NY,gold
2147483647,xxlarge,40848,29399639,2021-01-01,25788580,514727708,FL,basic
2147483647,xxxlarge,10157,30118997,2021-01-01,352763820,278728364,WA,basic
2147483647,xxxlarge,12974,36196761,2021-01-01,48611490,512860516,WA,silver
2147483647,large,768,55850502,2021-01-01,446822557,205944573,FL,gold
2147483647,NULL,33211,61180793,2021-01-01,178519572,182435141,MI,basic
2147483647,xlarge,20854,39143667,2021-01-01,344427355,300856100,WA,basic
2147483647,large,19701,31487515,2021-01-01,313356484,319883536,WA,basic
2147483647,medium,70711,212636,2021-01-01,577909460,573093938,WA,basic
2147483647,NULL,48770,35619599,2021-01-01,370692594,183353483,OH,basic
2147483647,large,6166,48352878,2021-01-01,411210557,213742717,IL,basic
2147483647,xlarge,38714,35510059,2021-01-01,234059226,332621015,SD,silver
2147483647,large,11110,25091441,2021-01-01,651169998,330983232,SD,basic
2147483647,xxlarge,31802,46277689,2021-01-01,259105215,175474868,CA,silver
2147483647,large,38133,9359189,2021-01-01,238877767,304674808,PA,basic
2147483647,xlarge,45640,27431025,2021-01-01,516906933,547289312,MI,basic
2147483647,medium,68887,24995843,2021-01-01,194865835,20021848,NY,basic
2147483647,xxlarge,17502,2891381,2021-01-01,528362366,197473174,NY,silver
2147483647,medium,53969,7832258,2021-01-01,653766543,61907999,MA,basic
2147483647,medium,18962,18729362,2021-01-01,540609486,146295446,SD,basic
2147483647,xxxlarge,72220,17780559,2021-01-01,191488314,319099931,WA,basic
2147483647,medium,39273,52926017,2021-01-01,175559095,113504655,NY,gold
2147483647,xlarge,67683,29831113,2021-01-01,282375737,194493467,IL,basic
2147483647,xxlarge,43530,45796901,2021-01-01,365141625,288975616,SD,gold
2147483647,medium,9537,34838470,2021-01-01,343776192,318091244,IN,basic
2147483647,xlarge,79662,66665573,2021-01-01,340801112,591033825,SD,basic
2147483647,large,631,10032955,2021-01-01,587409530,255066368,PA,basic
2147483647,medium,459,67213882,2021-01-01,502562108,465480697,SD,silver
2147483647,small,51247,45830084,2021-01-01,532151681,658232705,MA,silver
2147483647,xxlarge,62713,19629630,2021-01-01,694075535,402961202,SD,basic
2147483647,large,37526,53159275,2021-01-01,267777540,477530115,PA,gold
2147483647,xxxlarge,51138,32664511,2021-01-01,13871487,528400793,IL,basic
2147483647,xxxlarge,38342,39459851,2021-01-01,526196675,169870523,AZ,basic
2147483647,large,30636,52743404,2021-01-01,647928677,462378407,OH,silver
2147483647,xxxlarge,51727,55309898,2021-01-01,128502015,92829738,NY,basic
2147483647,xlarge,16325,38354481,2021-01-01,619216558,478703426,SD,basic
2147483647,xxlarge,35384,3479562,2021-01-01,333533359,256686952,WA,basic
2147483647,xxxlarge,6180,10626736,2021-01-01,43707203,92056665,OH,gold
2147483647,large,73682,2444787,2021-01-01,485599759,47532845,WA,basic
2147483647,small,44359,58090504,2021-01-01,228442384,279900395,SD,gold
2147483647,xxxlarge,27591,7740219,2021-01-01,539763072,448680402,WA,basic
2147483647,small,71166,18492641,2021-01-01,383902057,600125235,IL,silver
2147483647,xlarge,27828,62790276,2021-01-01,632052042,524634408,CA,silver
2147483647,medium,11863,58304221,2021-01-01,669566030,288650884,SD,basic
2147483647,xlarge,33934,63576838,2021-01-01,693191211,140577100,IL,basic
2147483647,xxxlarge,17634,13893921,2021-01-01,384360295,640405360,SD,silver
2147483647,xlarge,52448,5995341,2021-01-01,224737779,197405604,WA,basic
2147483647,xxlarge,933,5963399,2021-01-01,156744637,558591977,NY,basic
2147483647,xxxlarge,1823,51117079,2021-01-01,159918616,295347039,MI,basic
2147483647,xlarge,78599,68602059,2021-01-01,366055409,82858746,CA,basic
2147483647,xlarge,65606,35114584,2021-01-01,588453576,488620532,NY,basic
2147483647,medium,27209,46480172,2021-01-01,80261059,382663386,IL,basic
2147483647,xxlarge,24565,6821018,2021-01-01,317510285,211548638,NY,silver
2147483647,large,8940,69089964,2021-01-01,448117999,55087410,MI,silver
2147483647,medium,69859,35098910,2021-01-01,609680967,690922416,OH,gold
2147483647,xxlarge,37123,12385012,2021-01-01,487993937,106126561,NY,gold
2147483647,large,14770,10615827,2021-01-01,580452498,199575836,MA,basic
2147483647,xxlarge,64881,37701321,2021-01-01,101024935,494714624,NY,basic
2147483647,xxlarge,66168,49893749,2021-01-01,141147907,57763486,MA,basic
2147483647,xlarge,20801,54371437,2021-01-01,189794621,665743301,PA,basic
2147483647,xxlarge,37122,41205211,2021-01-01,614035199,78974890,NY,basic
2147483647,xxlarge,75087,45873068,2021-01-01,44415812,391688802,PA,basic
2147483647,medium,34854,46599959,2021-01-01,341834785,609470803,IL,basic
2147483647,large,28179,3366720,2021-01-01,195701855,407999678,MI,basic
2147483647,large,74522,17607798,2021-01-01,532009746,314586751,SD,basic
2147483647,xlarge,14420,46953636,2021-01-01,652143926,571480394,IL,basic
2147483647,NULL,4604,17139154,2021-01-01,257369802,87791876,WA,gold
2147483647,medium,23532,27195978,2021-01-01,257145339,646244876,OH,silver
2147483647,large,77663,37054934,2021-01-01,513154550,670051552,IL,basic
2147483647,xlarge,64340,51756344,2021-01-01,643681058,11748687,NY,basic
2147483647,xxlarge,48657,8453640,2021-01-01,492753796,54380579,AZ,basic
2147483647,large,70342,39089291,2021-01-01,554505908,339029346,MA,silver
2147483647,large,25368,61215760,2021-01-01,355156239,204035354,NY,basic
2147483647,medium,3825,27694307,2021-01-01,16463201,328508081,NY,basic
2147483647,medium,67980,20261964,2021-01-01,187967155,13847004,PA,basic
2147483647,small,46328,48304696,2021-01-01,531077694,543116501,CA,basic
2147483647,xxxlarge,29287,33603536,2021-01-01,118685818,159089916,NY,gold
2147483647,NULL,40430,67499243,2021-01-01,448473466,125571636,IN,basic
2147483647,xxxlarge,70939,63052650,2021-01-01,165596695,251667765,SD,silver
2147483647,medium,78182,54964883,2021-01-01,614156799,242003708,IL,basic
2147483647,xxxlarge,45153,52133996,2021-01-01,347469418,631420032,AZ,basic
2147483647,xxlarge,72675,5169534,2021-01-01,497418503,67981763,SD,basic
2147483647,xlarge,1960,68901875,2021-01-01,359603416,26141232,MA,gold
2147483647,large,8741,22401798,2021-01-01,496697853,44218790,PA,basic
2147483647,NULL,64255,24765314,2021-01-01,552364467,366902203,CA,basic
2147483647,xlarge,20261,40625003,2021-01-01,156604650,626679690,MA,basic
2147483647,xlarge,35068,3777746,2021-01-01,38447492,268650324,PA,basic
2147483647,large,26640,12319162,2021-01-01,508130160,574822168,PA,basic
2147483647,xlarge,61677,43907007,2021-01-01,157923951,221450958,SD,basic
2147483647,medium,61435,23238105,2021-01-01,413479552,675628253,WA,basic
2147483647,large,6566,30926722,2021-01-01,521945530,556336024,IN,silver
2147483647,xlarge,15978,37776275,2021-01-01,37609862,625860735,WA,gold
2147483647,small,33046,25335302,2021-01-01,188385112,466931430,WA,basic
2147483647,medium,52570,8163758,2021-01-01,152547360,74850535,IL,silver
2147483647,medium,52212,55162828,2021-01-01,416515893,126184836,MA,basic
2147483647,xxlarge,54126,46562145,2021-01-01,687351764,242745678,IL,basic
2147483647,xxlarge,48264,7598412,2021-01-01,697910592,456678451,WA,basic
2147483647,small,30381,2920825,2021-01-01,388194017,238477345,AZ,basic
2147483647,NULL,2156,58823372,2021-01-01,396711231,139491626,WA,gold
2147483647,xxxlarge,79790,53038440,2021-01-01,524345603,12716855,OH,silver
2147483647,small,15911,46233356,2021-01-01,547403714,335716742,CA,basic
2147483647,xlarge,4388,23065136,2021-01-01,67445824,86470679,NY,gold
2147483647,medium,58000,69414702,2021-01-01,407339676,189757098,AZ,basic
2147483647,xlarge,73969,48717537,2021-01-01,224191746,136167745,SD,basic
2147483647,medium,59838,51837596,2021-01-01,322660206,353802460,MA,basic
2147483647,medium,75786,50396468,2021-01-01,665833196,401468274,WA,silver
2147483647,xxlarge,51628,26953115,2021-01-01,352038068,4114270,CA,silver
2147483647,xxxlarge,57636,46597634,2021-01-01,269175206,320083901,WA,basic
2147483647,xxlarge,32644,58061061,2021-01-01,24992907,270348467,WA,silver
2147483647,large,27784,69453145,2021-01-01,415607200,62268605,SD,basic
2147483647,small,66481,67040366,2021-01-01,406450509,572429757,SD,basic
2147483647,large,72631,14855170,2021-01-01,445397803,635532619,IN,basic
2147483647,large,18832,60360388,2021-01-01,358540274,501075769,CA,basic
767870418,medium,76681,17504543,2021-01-01,261761035,255045706,NY,basic
2147483647,NULL,44399,51810859,2021-01-01,258300870,617006041,IL,silver
2147483647,large,78669,16636182,2021-01-01,172187726,173423023,FL,basic
2147483647,xxxlarge,68255,17588629,2021-01-01,686875772,544907756,IL,basic
2147483647,xxxlarge,28799,25740987,2021-01-01,100879583,133064182,NY,silver
2147483647,xxxlarge,50503,30342406,2021-01-01,619084756,648811487,NY,basic
2147483647,medium,48900,18509049,2021-01-01,312712676,373258147,OH,gold
2147483647,xxxlarge,22861,47570075,2021-01-01,399997811,282076914,FL,basic
2147483647,xlarge,71439,60721580,2021-01-01,633144923,610688641,OH,silver
2147483647,large,2191,66864323,2021-01-01,172791678,184123451,FL,silver
2147483647,xlarge,62001,32194985,2021-01-01,644746533,431577598,FL,basic
2147483647,NULL,56684,62887538,2021-01-01,252152160,493712941,IN,basic
2147483647,xlarge,9469,11046138,2021-01-01,318291012,309413565,FL,basic
2147483647,large,32898,64778528,2021-01-01,545897021,216666913,FL,silver
2147483647,NULL,28395,3826384,2021-01-01,596523488,211164930,MA,basic
2147483647,NULL,35998,46419837,2021-01-01,677130266,310106815,CA,silver
2147483647,xlarge,75828,67430386,2021-01-01,399830065,442146739,OH,basic
2147483647,xlarge,23692,10858517,2021-01-01,253552340,520679542,NY,silver
2147483647,xlarge,54044,63980858,2021-01-01,659831868,264764878,WA,gold
2147483647,medium,14912,42011598,2021-01-01,626414476,682730508,FL,gold
2147483647,xxlarge,4444,50029975,2021-01-01,337443650,186818012,IN,basic
2147483647,xlarge,33357,46980989,2021-01-01,173493279,335529517,IL,basic
2147483647,xxxlarge,59039,22458194,2021-01-01,90515549,489476651,PA,basic
2147483647,xlarge,25393,67683265,2021-01-01,697632786,303959181,WA,silver
2147483647,medium,52782,8328958,2021-01-01,355840010,379261028,IN,basic
2147483647,xxlarge,32180,64335438,2021-01-01,61586161,312136465,FL,silver
2147483647,medium,54408,35346665,2021-01-01,68869961,612686951,IL,basic
2147483647,medium,14480,67294630,2021-01-01,675378170,267925260,MA,basic
2147483647,large,10591,14298449,2021-01-01,107615587,367158879,CA,basic
2147483647,medium,21641,60800851,2021-01-01,7154204,617525541,FL,basic
2147483647,xxxlarge,3734,385088,2021-01-01,104182417,323312084,PA,silver
2147483647,xxxlarge,15238,67926025,2021-01-01,697198260,107844434,CA,basic
2147483647,xxxlarge,30935,25345325,2021-01-01,541428316,533612983,SD,silver
2147483647,xlarge,52110,26027715,2021-01-01,251552425,339220951,NY,basic
2147483647,xxlarge,69966,37430136,2021-01-01,397369364,600919456,AZ,silver
2147483647,NULL,29924,52715953,2021-01-01,242090719,415172189,IN,silver
2147483647,xxlarge,545,16339101,2021-01-01,366558217,68494056,CA,basic
2147483647,xlarge,14245,9742587,2021-01-01,128236364,689087145,OH,gold
2147483647,small,21227,47373983,2021-01-01,451529450,420050326,NY,basic
2147483647,xlarge,70613,22503770,2021-01-01,308501245,211535526,IN,silver
2147483647,xlarge,64223,18076091,2021-01-01,404563286,221797092,MI,silver
2147483647,xxxlarge,59155,56002419,2021-01-01,178489592,3035434,IL,gold
2147483647,xlarge,68164,2806040,2021-01-01,40554487,427956825,CA,gold
2147483647,small,24282,10614070,2021-01-01,271785860,228847802,FL,basic
2147483647,large,14626,21293829,2021-01-01,428884549,401797970,WA,basic
2147483647,NULL,34869,1598230,2021-01-01,194833302,651752355,CA,basic
2147483647,large,4422,4536260,2021-01-01,135233015,553195314,AZ,basic
2147483647,NULL,76716,17173955,2021-01-01,431890185,453185203,MA,basic
2147483647,medium,7100,69068647,2021-01-01,24770007,143337577,CA,basic
2147483647,large,8041,51224009,2021-01-01,690953278,75962332,SD,silver
2147483647,xxxlarge,49260,41194852,2021-01-01,191565308,105330541,CA,basic
2147483647,NULL,30027,24023458,2021-01-01,411171845,36143757,IN,silver
2147483647,xxxlarge,64018,44035639,2021-01-01,70137995,405606994,OH,basic
2147483647,small,1256,55332475,2021-01-01,578771782,385966566,MI,basic
2147483647,xxlarge,37712,29593839,2021-01-01,15898192,277368008,PA,basic
2147483647,medium,2966,40622875,2021-01-01,290471647,428253885,SD,basic
2147483647,medium,48766,33718413,2021-01-01,84133340,607294961,OH,basic
2147483647,xxxlarge,66256,48596802,2021-01-01,255927509,672690898,OH,basic
2147483647,xlarge,31816,6317456,2021-01-01,91497828,43607686,WA,basic
2147483647,NULL,16506,5419357,2021-01-01,574446598,587168631,IL,basic
2147483647,medium,78574,31192015,2021-01-01,588144605,302696402,OH,silver
2147483647,medium,9058,34463807,2021-01-01,38958938,294820869,NY,basic
2147483647,medium,52088,5975235,2021-01-01,319365659,333412964,MA,basic
2147483647,xxlarge,53969,27706416,2021-01-01,539231887,457847785,PA,basic
2147483647,xxxlarge,61252,22864484,2021-01-01,226080927,34642429,NY,basic
2147483647,xlarge,534,62918425,2021-01-01,468112806,14364352,IL,basic
2147483647,large,5084,2325113,2021-01-01,62346085,50368752,FL,basic
2147483647,xxxlarge,79659,6427733,2021-01-01,607675075,37788786,IN,gold
2147483647,xxxlarge,30419,58346838,2021-01-01,140794154,478957946,WA,silver
2147483647,xlarge,60502,20130868,2021-01-01,132289295,651182900,FL,silver
2147483647,large,29879,46220441,2021-01-01,501932146,390314675,FL,basic
2147483647,xxxlarge,39132,39122696,2021-01-01,478395858,345170781,MI,basic
2147483647,medium,78947,7030378,2021-01-01,685132133,638803985,PA,basic
2147483647,medium,48203,69397210,2021-01-01,566511415,243847714,AZ,basic
2147483647,small,58944,66992598,2021-01-01,187269977,279363584,IL,basic
2147483647,medium,48267,59436734,2021-01-01,641602510,236141241,MI,basic
2147483647,small,25563,64044126,2021-01-01,690585563,240594840,MA,basic
2147483647,medium,52031,69039102,2021-01-01,273043472,273128017,SD,gold
2147483647,xxlarge,61909,58352292,2021-01-01,565405727,653021885,SD,basic
2147483647,xxlarge,31962,67699031,2021-01-01,305042789,295275088,NY,gold
2147483647,large,10929,59318962,2021-01-01,605066522,337519873,IN,basic
2147483647,xlarge,40133,35649831,2021-01-01,16370975,695214002,FL,basic
2147483647,medium,19457,4736181,2021-01-01,284014981,121795798,IL,basic
2147483647,xlarge,15435,30930735,2021-01-01,692567672,341026293,AZ,basic
2147483647,xxlarge,61556,12841664,2021-01-01,426428783,667382736,WA,silver
2147483647,xxlarge,47807,23487141,2021-01-01,325961255,442960089,WA,basic
2147483647,xxlarge,77326,26891289,2021-01-01,10467240,383580991,NY,basic
2147483647,medium,29694,15685997,2021-01-01,693848088,306533622,WA,basic
2147483647,medium,74113,67094151,2021-01-01,554071487,174876734,WA,basic
2147483647,xxxlarge,29814,62731041,2021-01-01,691189675,528550196,OH,basic
2147483647,xlarge,44895,39263815,2021-01-01,295133419,15872530,AZ,silver
2147483647,large,15342,19695289,2021-01-01,424029596,447511520,WA,basic
2147483647,xxxlarge,14190,17175698,2021-01-01,317016167,463789143,FL,basic
2147483647,small,69890,60302647,2021-01-01,326055626,69752091,FL,silver
2147483647,small,18984,34727753,2021-01-01,574503783,472412431,WA,gold
2147483647,xlarge,78941,42198800,2021-01-01,298869635,256699034,MI,basic
2147483647,large,59057,25141532,2021-01-01,138891073,359099339,IL,basic
2147483647,NULL,79582,66858984,2021-01-01,73834832,335039125,FL,basic
2147483647,xxlarge,56146,12702570,2021-01-01,352304988,509211216,MA,basic
2147483647,medium,5572,18063063,2021-01-01,606853986,289308795,NY,basic
2147483647,xxlarge,21549,35563360,2021-01-01,434851379,266798138,CA,basic
2147483647,xxlarge,73424,29007722,2021-01-01,488008186,217417434,CA,silver
2147483647,medium,40140,38677470,2021-01-01,68458019,83737021,FL,basic
2147483647,xlarge,20075,60306754,2021-01-01,632441483,696545484,MA,basic
2147483647,xlarge,16265,496179,2021-01-01,137231556,355818639,CA,silver
2147483647,xxxlarge,39861,3452189,2021-01-01,699314126,509215732,CA,basic
2147483647,xxxlarge,51676,5491269,2021-01-01,113455163,539931160,IL,basic
2147483647,xxxlarge,251,25632458,2021-01-01,253847600,236408599,WA,gold
2147483647,xlarge,29844,43070276,2021-01-01,389032053,31665543,WA,basic
2147483647,xxlarge,71617,48509849,2021-01-01,413710244,327339801,FL,basic
2147483647,NULL,34312,3340261,2021-01-01,529086866,504693184,PA,basic
2147483647,xxxlarge,9735,37756548,2021-01-01,67264040,681184724,CA,gold
2147483647,NULL,20784,35517104,2021-01-01,302464451,161305164,MI,basic
2147483647,xxlarge,25978,5270606,2021-01-01,194485943,3984885,PA,basic
2147483647,large,14354,56221276,2021-01-01,646020673,335932002,IN,basic
2147483647,xxxlarge,20178,6908884,2021-01-01,394740373,556143177,NY,basic
2147483647,xlarge,73431,56414411,2021-01-01,652989938,22091772,WA,silver
2147483647,medium,44221,10095773,2021-01-01,163276388,161261466,CA,basic
2147483647,large,48220,41092988,2021-01-01,496668934,514552374,MA,basic
2147483647,xxlarge,32716,18903691,2021-01-01,160183363,378647880,FL,basic
2147483647,large,17316,36275037,2021-01-01,44020015,548998428,SD,basic
2147483647,large,31766,44473649,2021-01-01,165073911,231100570,SD,silver
2147483647,xlarge,10638,60792991,2021-01-01,482120258,298517194,MA,basic
2147483647,xxxlarge,13091,28972895,2021-01-01,207838228,100335012,FL,basic
2147483647,NULL,48559,5198271,2021-01-01,276313182,851420,IL,basic
2147483647,xxxlarge,70534,62183009,2021-01-01,521409576,528589911,OH,silver
2147483647,xxxlarge,8271,22965850,2021-01-01,275984032,141631357,MI,gold
2147483647,xxlarge,51909,25631177,2021-01-01,83519805,141247385,SD,basic
2147483647,small,52490,68780685,2021-01-01,459458695,343334738,MA,basic
2147483647,medium,54467,48001232,2021-01-01,340252478,482343038,WA,basic
2147483647,xxlarge,72885,41882292,2021-01-01,509339314,102376258,AZ,basic
2147483647,large,35045,25209391,2021-01-01,471914755,63344664,OH,basic
2147483647,xxlarge,10253,5062001,2021-01-01,198217968,661158494,AZ,basic
2147483647,xxlarge,74473,17353672,2021-01-01,145097707,391064166,MI,basic
2147483647,xxxlarge,48544,11714359,2021-01-01,21446676,646853021,PA,basic
2147483647,xlarge,23064,35743965,2021-01-01,606937933,565591965,MA,silver
2147483647,xxxlarge,55480,24564312,2021-01-01,319379339,431847767,SD,basic
2147483647,xxxlarge,3329,41095674,2021-01-01,689179023,234403269,PA,gold
2147483647,xxxlarge,29567,57050824,2021-01-01,155230044,521527106,SD,silver
2147483647,medium,60282,14175188,2021-01-01,99075031,496094499,IN,basic
2147483647,small,49587,1001721,2021-01-01,524178409,226620307,MA,silver
2147483647,medium,16343,28853690,2021-01-01,164884098,328934677,MA,gold
2147483647,medium,28130,6694654,2021-01-01,12563036,316572657,WA,basic
2147483647,NULL,64062,68778991,2021-01-01,460084719,656731244,OH,gold
2147483647,medium,17272,50875629,2021-01-01,392600516,472800212,MA,gold
2147483647,small,23912,8622803,2021-01-01,88335331,671552124,NY,gold
2147483647,NULL,12139,64946570,2021-01-01,577479700,416693663,OH,gold
2147483647,xlarge,68370,82081,2021-01-01,60373481,487998504,FL,silver
2147483647,xlarge,4184,17678059,2021-01-01,598911869,251786137,PA,basic
2147483647,xxxlarge,30549,3355880,2021-01-01,539500366,316686530,CA,basic
2147483647,small,49475,48403927,2021-01-01,512635984,65030130,MA,basic
2147483647,medium,67859,55717622,2021-01-01,207143764,555922715,IL,basic
2147483647,xlarge,19595,48741221,2021-01-01,275732853,280716915,PA,basic
2147483647,xxxlarge,73338,862271,2021-01-01,655716733,526829606,OH,basic
2147483647,xlarge,66224,10875474,2021-01-01,671853140,121105127,IN,basic
2147483647,xxlarge,4307,44176030,2021-01-01,381854429,189297307,CA,basic
2147483647,xlarge,44848,27605130,2021-01-01,106336451,240067947,WA,basic
2147483647,xxlarge,63363,43071303,2021-01-01,15941674,113685833,AZ,silver
2147483647,NULL,28965,2015968,2021-01-01,14614833,37558845,NY,silver
2147483647,xxlarge,52836,2408243,2021-01-01,119234567,354929181,MA,basic
2147483647,xlarge,29585,38100143,2021-01-01,11151211,243688372,MI,silver
2147483647,xlarge,9290,27570757,2021-01-01,169439655,609679510,WA,basic
2147483647,xxlarge,53846,16880874,2021-01-01,168303666,283637776,IN,basic
2147483647,NULL,1549,59780695,2021-01-01,269046155,214232596,NY,basic
2147483647,xxlarge,35835,13469057,2021-01-01,545801622,146242820,IL,basic
2147483647,large,68593,2702399,2021-01-01,220431466,363952513,PA,basic
2147483647,large,22776,16596426,2021-01-01,102425739,189588826,PA,gold
2147483647,xxxlarge,68339,12970985,2021-01-01,489668044,562755853,CA,basic
2147483647,xxlarge,72636,34286076,2021-01-01,484195520,346342397,OH,basic
2147483647,xxlarge,73031,36170034,2021-01-01,428536271,98072862,IL,basic
2147483647,NULL,9979,51957289,2021-01-01,516007349,294854559,MA,basic
2147483647,large,41086,26192366,2021-01-01,568272497,688086335,MA,basic
2147483647,xxxlarge,66363,47336008,2021-01-01,699549011,278964374,WA,basic
2147483647,xxlarge,41633,111845,2021-01-01,181210979,511883656,CA,basic
2147483647,medium,73665,17783621,2021-01-01,683416721,564896511,NY,silver
2147483647,large,38360,6557693,2021-01-01,679927418,19119090,CA,silver
2147483647,xxxlarge,31848,32048967,2021-01-01,413263307,118666539,NY,silver
2147483647,small,65417,43892251,2021-01-01,538406271,240346322,SD,basic
2147483647,xlarge,58701,2229263,2021-01-01,628615617,681536087,FL,basic
2147483647,xxxlarge,59051,30573916,2021-01-01,386931702,254555254,OH,silver
2147483647,medium,70733,11723567,2021-01-01,184588334,206021258,PA,silver
2147483647,xlarge,39666,52729813,2021-01-01,240684059,88380771,MI,gold
2147483647,xxxlarge,25951,27868151,2021-01-01,561838332,247646571,PA,basic
2147483647,xlarge,10155,48115624,2021-01-01,520819893,351102211,PA,basic
2147483647,small,7335,65333955,2021-01-01,181069008,673816655,OH,basic
2147483647,medium,30998,6839000,2021-01-01,687520271,648000302,FL,basic
2147483647,large,69187,41065538,2021-01-01,647237845,246435032,PA,silver
2147483647,NULL,10424,58193267,2021-01-01,317091819,565611378,PA,gold
2147483647,xxxlarge,78106,40787638,2021-01-01,95591686,410260545,IN,basic
2147483647,xxlarge,3166,56027077,2021-01-01,515789388,281146229,IL,basic
2147483647,xxlarge,57583,54176254,2021-01-01,150436860,223458094,IL,silver
2147483647,medium,11181,51988882,2021-01-01,28173866,613192046,PA,basic
2147483647,xxxlarge,8778,35545650,2021-01-01,487386877,2663424,IN,basic
2147483647,xxlarge,78037,46738328,2021-01-01,670636864,661527520,WA,basic
2147483647,medium,74625,42975780,2021-01-01,181447738,69324533,FL,basic
2147483647,xxlarge,2519,36937430,2021-01-01,41276972,365341195,SD,basic
2147483647,large,21995,11319681,2021-01-01,536316153,211819650,OH,silver
2147483647,NULL,79339,63496841,2021-01-01,66325651,172973105,PA,basic
2147483647,large,36325,56032288,2021-01-01,627980951,134286916,PA,basic
2147483647,medium,3946,35931188,2021-01-01,611518587,409877511,FL,silver
2147483647,NULL,8859,32468738,2021-01-01,8990046,421779912,IL,basic
2147483647,xxxlarge,61480,48774141,2021-01-01,247864064,638170643,SD,silver
2147483647,medium,19755,66936243,2021-01-01,134969110,257465341,CA,basic
2147483647,NULL,39537,65471674,2021-01-01,148368205,11175146,IN,silver
2147483647,xxlarge,37459,53267924,2021-01-01,496741094,270778607,CA,basic
2147483647,large,16402,30140907,2021-01-01,646926728,123170160,CA,silver
2147483647,medium,25966,8884709,2021-01-01,382001526,692929578,IN,basic
2147483647,xxxlarge,45112,47150855,2021-01-01,375970562,324757982,WA,basic
2147483647,xxxlarge,21427,16160292,2021-01-01,327289018,158500225,MI,basic
2147483647,xlarge,31552,41853124,2021-01-01,650325525,619737145,SD,silver
2147483647,xxlarge,70241,68794144,2021-01-01,571960170,191954736,NY,basic
2147483647,medium,14246,27205046,2021-01-01,535417845,195120038,OH,basic
2147483647,xlarge,69128,35732955,2021-01-01,646956964,474552115,IL,silver
2147483647,xxxlarge,24928,47062119,2021-01-01,660113642,262775003,PA,gold
2147483647,xxlarge,4543,9652858,2021-01-01,363237716,135601410,NY,basic
2147483647,xxlarge,36847,8889041,2021-01-01,569783917,180568221,IN,basic
2147483647,NULL,14673,37050603,2021-01-01,3387235,156553096,CA,basic
2147483647,xlarge,13722,288318,2021-01-01,410686395,433585196,OH,basic
2147483647,medium,58622,9416313,2021-01-01,427102401,307050124,SD,basic
2147483647,small,79637,13833198,2021-01-01,666142017,698181714,IN,basic
2147483647,medium,15788,59652012,2021-01-01,630743774,11084402,SD,gold
2147483647,medium,72147,20671394,2021-01-01,417815797,339358295,NY,basic
2147483647,xxlarge,58991,53136437,2021-01-01,50750377,369984029,FL,basic
2147483647,medium,37940,17294864,2021-01-01,80968685,641413642,AZ,basic
2147483647,small,12585,41007728,2021-01-01,505774127,497710893,NY,basic
2147483647,medium,14346,52700988,2021-01-01,675922739,683470908,NY,silver
2147483647,xxxlarge,3498,14495064,2021-01-01,360479988,323233076,IN,basic
2147483647,xxxlarge,38233,32756478,2021-01-01,670707682,427462374,CA,basic
2147483647,large,48711,54244172,2021-01-01,260046538,225354874,MI,basic
2147483647,NULL,63835,20156548,2021-01-01,617106637,341977645,MI,silver
2147483647,xlarge,5060,28592688,2021-01-01,302951491,419764375,OH,basic
2147483647,xlarge,52535,28117596,2021-01-01,250519211,510459397,IN,basic
2147483647,xxlarge,50320,2640667,2021-01-01,326085724,686468983,CA,gold
2147483647,xxlarge,25669,15388305,2021-01-01,601175530,350265548,AZ,silver
2147483647,xlarge,61616,9780381,2021-01-01,289557139,99195800,MA,basic
2147483647,xxxlarge,41359,68737767,2021-01-01,314129824,403476071,NY,basic
2147483647,NULL,56413,33092618,2021-01-01,268333864,631747778,MA,silver
2147483647,small,60230,3854950,2021-01-01,83511433,178612655,PA,silver
1752548046,xxxlarge,61705,47358992,2021-01-01,118270755,155572832,SD,silver
2147483647,xxlarge,58195,13077998,2021-01-01,497981567,187173789,NY,basic
2147483647,xxlarge,35818,39410462,2021-01-01,552767995,526889444,PA,silver
2147483647,medium,50312,61334920,2021-01-01,9238039,111014880,SD,silver
2147483647,xxxlarge,71458,64913207,2021-01-01,132208549,21894621,WA,basic
2147483647,NULL,14338,20883357,2021-01-01,186118145,434507884,SD,basic
2147483647,large,57163,49396077,2021-01-01,131611211,277416613,MA,silver
2147483647,large,64347,12949635,2021-01-01,31547311,59318653,FL,basic
2147483647,xlarge,60633,22350205,2021-01-01,309352787,88555769,IN,basic
2147483647,xlarge,16795,2704949,2021-01-01,54784833,61989769,CA,basic
2147483647,xxlarge,53478,36844474,2021-01-01,297120064,647887637,IN,basic
2147483647,small,55969,56716897,2021-01-01,265232650,147234636,FL,basic
2147483647,medium,57064,63347582,2021-01-01,140720890,544739476,IL,basic
2147483647,NULL,66340,6227030,2021-01-01,64434964,408616046,SD,silver
2147483647,xlarge,51667,38271708,2021-01-01,563304444,79416830,WA,basic
2147483647,xxlarge,65849,45739072,2021-01-01,128155480,107027804,PA,silver
2147483647,xxlarge,56008,58959190,2021-01-01,646945868,64512387,OH,silver
2147483647,xlarge,65591,48628431,2021-01-01,355778478,206365825,NY,silver
2147483647,xlarge,5226,57476969,2021-01-01,637334104,500687750,CA,basic
2147483647,large,20634,20500291,2021-01-01,321448916,105960727,IN,basic
2147483647,medium,22180,23704059,2021-01-01,282075430,338209367,PA,basic
2147483647,large,53702,64775373,2021-01-01,33205584,396066044,IN,basic
2147483647,NULL,70375,63456279,2021-01-01,4983216,97879915,FL,gold
2147483647,xxxlarge,57432,24084645,2021-01-01,385465058,14231748,CA,basic
2147483647,medium,65816,65990526,2021-01-01,642199760,317175644,CA,basic
2147483647,xxxlarge,17376,23273383,2021-01-01,249229382,318985956,MI,gold
2147483647,xlarge,33397,64583505,2021-01-01,199377843,375641997,OH,silver
2147483647,large,26016,12451167,2021-01-01,186967385,444854139,CA,basic
2147483647,medium,37331,62076071,2021-01-01,434365887,37159153,WA,silver
2147483647,xlarge,52846,38445358,2021-01-01,509862320,331434513,NY,basic
2147483647,small,34648,43964134,2021-01-01,469836405,414047908,NY,basic
2147483647,xxxlarge,41073,50720318,2021-01-01,591409886,651258500,IL,silver
2147483647,medium,43593,31811452,2021-01-01,335385592,599434130,AZ,basic
2147483647,medium,17294,54791041,2021-01-01,63330201,134856407,FL,basic
2147483647,NULL,79468,19798664,2021-01-01,292123157,402503560,MA,basic
2147483647,xxxlarge,40519,58435597,2021-01-01,322262809,302010983,MI,basic
2147483647,NULL,29653,40947796,2021-01-01,687384878,558076727,CA,basic
2147483647,xxxlarge,65375,51903488,2021-01-01,593464681,170451193,FL,silver
2147483647,xxxlarge,72650,68814802,2021-01-01,372538509,346496084,MI,basic
2147483647,xlarge,35323,27193056,2021-01-01,323477302,621425741,IL,silver
2147483647,xlarge,37466,26901871,2021-01-01,419958301,73822006,SD,basic
2147483647,xxxlarge,18489,3937975,2021-01-01,287814541,348645831,NY,basic
2147483647,medium,60621,6340074,2021-01-01,547080261,223256581,FL,basic
2147483647,xxxlarge,51760,1780935,2021-01-01,382897967,35697028,AZ,silver
2147483647,NULL,25227,47951096,2021-01-01,5847767,12360131,IL,gold
